group,page,path,slot_key,slot_label,type,section,required,baseline_status,priority,recommended_size,recommended_aspect,recommended_format,mobile_safe_area,recommended_use,current_source,current_source_dimensions,alt_snapshot
Shared site,Shared site,@site,site.header.logo,Header / Devil n Dove logo,image,header,Yes,authored_default,Complete/default,1080×1080,1:1,Transparent PNG or WebP,Keep the full mark inside the canvas with about 8% clear padding on every edge.,Brand/logo artwork; preserve transparent background and generous clear space.,/assets/logo-clear.png,1080×1080,Devil n Dove logo
Shared site,Shared site,@site,site.header.background,Header / navigation background,background,header,No,optional_enhancement,P3 optional,1920×480,4:1,WebP preferred,Keep important detail in the centre 70%; left/right edges may crop on narrow screens.,"Navigation/header background; decorative, low-detail image or texture.",,,
Shared site,Shared site,@site,site.page.background,Site-wide page background,background,background,No,optional_enhancement,P3 optional,1920×1200,8:5,WebP preferred,Keep important detail in the centre 65–70%; all edges may crop on mobile/desktop.,Section/page background; use a low-contrast image that can tolerate cover-cropping.,,,
Shared site,Shared site,@site,site.footer.background,Footer background,background,footer,No,optional_enhancement,P3 optional,1920×600,16:5,WebP preferred,Keep important detail in the centre 70%; expect horizontal and vertical cropping.,Footer background; decorative image or subtle texture that remains readable behind text.,,,
Core website,Home,/,home.hero.image,Home / Hero image,image,banner,Yes,authored_default,Complete/default,1600×1000,8:5,WebP preferred (JPEG acceptable for photos),Keep the main subject in the centre 70%; avoid critical detail at the outer 15%.,"Hero/banner image; strong subject, enough negative space for responsive cropping.",/assets/images/site/home-hero-products.webp,1600×1000,Devil n Dove handmade jewelry and mixed-media workshop collection
Core website,Home,/,home.image.2,Home / Representative Devil n Dove workshop workbench showing mixed creative materials and in-progress pieces,image,content,No,authored_default,Complete/default,1600×1000,8:5,WebP preferred (JPEG acceptable for photos),Keep the key subject in the centre 80%; avoid text baked into the image.,Content/section visual; landscape image designed to crop responsively.,/assets/images/site/workshop-creative-paths.webp,1600×1000,Representative Devil n Dove workshop workbench showing mixed creative materials and in-progress pieces
Core website,Home,/,home.image.3,Home / Workshop process photo,image,content,No,authored_default,Complete/default,1600×1000,8:5,WebP preferred (JPEG acceptable for photos),Keep the key subject in the centre 80%; avoid text baked into the image.,Content/section visual; landscape image designed to crop responsively.,/assets/images/site/home-workshop-preview.webp,1600×1000,Workshop process photo
Core website,Home,/,home.section.visual.1,"Home / Made in our workshop, one step at a time visual",image,content,No,recommended_replacement,P2 recommended,1600×1000,8:5,WebP preferred (JPEG acceptable for photos),Keep the key subject in the centre 80%; avoid text baked into the image.,Content/section visual; landscape image designed to crop responsively.,/assets/placeholders/media-content/home-section-visual-1.svg,1200×720 SVG viewBox,"Placeholder for Made in our workshop, one step at a time"
Core website,Home,/,home.background.section-0,"Home / What we make, find, and experiment with background",background,background,No,optional_enhancement,P3 optional,1920×1200,8:5,WebP preferred,Keep important detail in the centre 65–70%; all edges may crop on mobile/desktop.,Section/page background; use a low-contrast image that can tolerate cover-cropping.,,,
Core website,Home,/,home.background.section-1,"Home / Made in our workshop, one step at a time background",background,background,No,optional_enhancement,P3 optional,1920×1200,8:5,WebP preferred,Keep important detail in the centre 65–70%; all edges may crop on mobile/desktop.,Section/page background; use a low-contrast image that can tolerate cover-cropping.,,,
Core website,Home,/,home.background.section-2,Home / Workshop process photo background,background,background,No,optional_enhancement,P3 optional,1920×1200,8:5,WebP preferred,Keep important detail in the centre 65–70%; all edges may crop on mobile/desktop.,Section/page background; use a low-contrast image that can tolerate cover-cropping.,,,
Core website,Home,/,home.what.visual.2,Home / What we make / Visual 2,image,content,No,recommended_replacement,P2 recommended,1600×1000,8:5,WebP preferred (JPEG acceptable for photos),Keep the key subject in the centre 80%; avoid text baked into the image.,Content/section visual; landscape image designed to crop responsively.,/assets/placeholders/media-content/home-what-we-make-2.svg,800×520 SVG viewBox,Editable workshop category visual 2
Core website,Home,/,home.what.visual.3,Home / What we make / Visual 3,image,content,No,recommended_replacement,P2 recommended,1600×1000,8:5,WebP preferred (JPEG acceptable for photos),Keep the key subject in the centre 80%; avoid text baked into the image.,Content/section visual; landscape image designed to crop responsively.,/assets/placeholders/media-content/home-what-we-make-3.svg,800×520 SVG viewBox,Editable workshop category visual 3
Core website,About,/about/,about.hero.image,About / Hero image,image,banner,Yes,authored_default,Complete/default,1600×1000,8:5,WebP preferred (JPEG acceptable for photos),Keep the main subject in the centre 70%; avoid critical detail at the outer 15%.,"Hero/banner image; strong subject, enough negative space for responsive cropping.",/assets/images/site/about-real-workshop.webp,1600×1000,Devil n Dove maker and workshop story
Core website,About,/about/,about.image.1,About / Devil n Dove maker and workshop story,image,content,No,authored_default,Complete/default,1600×1000,8:5,WebP preferred (JPEG acceptable for photos),Keep the key subject in the centre 80%; avoid text baked into the image.,Content/section visual; landscape image designed to crop responsively.,/assets/images/site/about-real-workshop.webp,1600×1000,Devil n Dove maker and workshop story
Core website,About,/about/,about.image.2,About / Workshop and product collage,image,content,No,authored_default,Complete/default,1600×1000,8:5,WebP preferred (JPEG acceptable for photos),Keep the key subject in the centre 80%; avoid text baked into the image.,Content/section visual; landscape image designed to crop responsively.,/assets/mainpage-collage.webp,900×1600,Workshop and product collage
Core website,About,/about/,about.image.3,About / Devil n Dove mark,image,content,No,authored_default,Complete/default,1080×1080,1:1,Transparent PNG or WebP,Keep the full mark inside the canvas with about 8% clear padding on every edge.,Brand/logo artwork; preserve transparent background and generous clear space.,/assets/mark.png,1416×1024,Devil n Dove mark
Core website,About,/about/,about.section.visual.1,About / What we do visual,image,content,No,recommended_replacement,P2 recommended,1600×1000,8:5,WebP preferred (JPEG acceptable for photos),Keep the key subject in the centre 80%; avoid text baked into the image.,Content/section visual; landscape image designed to crop responsively.,/assets/placeholders/media-content/about-section-visual-1.svg,1200×720 SVG viewBox,Placeholder for What we do
Core website,Gallery,/gallery/,gallery.hero.image,Gallery / Primary page image,image,content,Yes,authored_default,Complete/default,1600×1000,8:5,WebP preferred (JPEG acceptable for photos),Keep the main subject in the centre 70%; avoid critical detail at the outer 15%.,"Hero/banner image; strong subject, enough negative space for responsive cropping.",/assets/images/site/gallery-item-specific-collage.webp,1600×1000,Collage of Devil n Dove finished work and workshop process
Core website,Gallery,/gallery/,gallery.background.section-0,Gallery / Section background,background,background,No,optional_enhancement,P3 optional,1920×1200,8:5,WebP preferred,Keep important detail in the centre 65–70%; all edges may crop on mobile/desktop.,Section/page background; use a low-contrast image that can tolerate cover-cropping.,,,
Core website,Gallery,/gallery/,gallery.background.section-1,Gallery / Section background,background,background,No,optional_enhancement,P3 optional,1920×1200,8:5,WebP preferred,Keep important detail in the centre 65–70%; all edges may crop on mobile/desktop.,Section/page background; use a low-contrast image that can tolerate cover-cropping.,,,
Core website,Gallery,/gallery/,gallery.background.section-2,Gallery / Gallery proof photo background,background,background,No,optional_enhancement,P3 optional,1920×1200,8:5,WebP preferred,Keep important detail in the centre 65–70%; all edges may crop on mobile/desktop.,Section/page background; use a low-contrast image that can tolerate cover-cropping.,,,
Core website,Showcase / Creations,/creations/,creations.hero.image,Showcase / Creations / Primary page image,image,content,Yes,authored_default,Complete/default,1600×1000,8:5,WebP preferred (JPEG acceptable for photos),Keep the main subject in the centre 70%; avoid critical detail at the outer 15%.,"Hero/banner image; strong subject, enough negative space for responsive cropping.",/assets/images/site/creation-in-progress.webp,1600×1000,Creative process photo
Core website,Showcase / Creations,/creations/,creations.section.visual.1,"Showcase / Creations / Handmade, vintage, and collectible trust guide visual",image,content,No,recommended_replacement,P2 recommended,1600×1000,8:5,WebP preferred (JPEG acceptable for photos),Keep the key subject in the centre 80%; avoid text baked into the image.,Content/section visual; landscape image designed to crop responsively.,/assets/placeholders/media-content/creations-section-visual-1.svg,1200×720 SVG viewBox,"Placeholder for Handmade, vintage, and collectible trust guide"
Core website,Showcase / Creations,/creations/,creations.background.hero,Showcase / Creations / Hero background,background,background,No,optional_enhancement,P3 optional,1920×1200,8:5,WebP preferred,Keep important detail in the centre 65–70%; all edges may crop on mobile/desktop.,Section/page background; use a low-contrast image that can tolerate cover-cropping.,,,
Core website,Showcase / Creations,/creations/,creations.background.section-1,Showcase / Creations / Creative process photo background,background,background,No,optional_enhancement,P3 optional,1920×1200,8:5,WebP preferred,Keep important detail in the centre 65–70%; all edges may crop on mobile/desktop.,Section/page background; use a low-contrast image that can tolerate cover-cropping.,,,
Core website,Showcase / Creations,/creations/,creations.background.section-2,"Showcase / Creations / Handmade, vintage, and collectible trust guide background",background,background,No,optional_enhancement,P3 optional,1920×1200,8:5,WebP preferred,Keep important detail in the centre 65–70%; all edges may crop on mobile/desktop.,Section/page background; use a low-contrast image that can tolerate cover-cropping.,,,
Core website,Workshop / Workroom Journal,/workshop-journal/,workshop-journal.hero.image,Workshop / Workroom Journal / Hero image,image,banner,Yes,authored_default,Complete/default,1600×1000,8:5,WebP preferred (JPEG acceptable for photos),Keep the main subject in the centre 70%; avoid critical detail at the outer 15%.,"Hero/banner image; strong subject, enough negative space for responsive cropping.",/assets/images/site/workshop-journal-storytelling.webp,1200×1200,Representative Devil n Dove workshop journal and maker story photo
Core website,Workshop / Workroom Journal,/workshop-journal/,workshop-journal.image.2,"Workshop / Workroom Journal / Representative Devil n Dove workshop tools, materials and creative paths",image,content,No,authored_default,Complete/default,1600×1000,8:5,WebP preferred (JPEG acceptable for photos),Keep the key subject in the centre 80%; avoid text baked into the image.,Content/section visual; landscape image designed to crop responsively.,/assets/images/site/workshop-creative-paths.webp,1600×1000,"Representative Devil n Dove workshop tools, materials and creative paths"
Core website,Workshop / Workroom Journal,/workshop-journal/,workshop-journal.section.visual.1,Workshop / Workroom Journal / Why this journal exists visual,image,content,No,recommended_replacement,P2 recommended,1600×1000,8:5,WebP preferred (JPEG acceptable for photos),Keep the key subject in the centre 80%; avoid text baked into the image.,Content/section visual; landscape image designed to crop responsively.,/assets/placeholders/media-content/workshop-journal-section-visual-1.svg,1200×720 SVG viewBox,Placeholder for Why this journal exists
Core website,Workshop / Workroom Journal,/workshop-journal/,workshop-journal.background.hero,Workshop / Workroom Journal / Hero background,background,background,No,optional_enhancement,P3 optional,1920×1200,8:5,WebP preferred,Keep important detail in the centre 65–70%; all edges may crop on mobile/desktop.,Section/page background; use a low-contrast image that can tolerate cover-cropping.,,,
Core website,Workshop / Workroom Journal,/workshop-journal/,workshop-journal.background.section-1,Workshop / Workroom Journal / Why this journal exists background,background,background,No,optional_enhancement,P3 optional,1920×1200,8:5,WebP preferred,Keep important detail in the centre 65–70%; all edges may crop on mobile/desktop.,Section/page background; use a low-contrast image that can tolerate cover-cropping.,,,
Core website,Workshop / Workroom Journal,/workshop-journal/,workshop-journal.background.section-2,Workshop / Workroom Journal / Section background,background,background,No,optional_enhancement,P3 optional,1920×1200,8:5,WebP preferred,Keep important detail in the centre 65–70%; all edges may crop on mobile/desktop.,Section/page background; use a low-contrast image that can tolerate cover-cropping.,,,
Core website,Collections,/collections/,collections.hero.image,Collections / Primary page image,image,content,Yes,authored_default,Complete/default,1600×1000,8:5,WebP preferred (JPEG acceptable for photos),Keep the main subject in the centre 70%; avoid critical detail at the outer 15%.,"Hero/banner image; strong subject, enough negative space for responsive cropping.",/assets/images/site/collection-overview.webp,1600×1000,Collection overview photo
Core website,Collections,/collections/,collections.section.visual.1,Collections / Why this page exists visual,image,content,No,recommended_replacement,P2 recommended,1600×1000,8:5,WebP preferred (JPEG acceptable for photos),Keep the key subject in the centre 80%; avoid text baked into the image.,Content/section visual; landscape image designed to crop responsively.,/assets/placeholders/media-content/collections-section-visual-1.svg,1200×720 SVG viewBox,Placeholder for Why this page exists
Core website,Collections,/collections/,collections.background.hero,Collections / Hero background,background,background,No,optional_enhancement,P3 optional,1920×1200,8:5,WebP preferred,Keep important detail in the centre 65–70%; all edges may crop on mobile/desktop.,Section/page background; use a low-contrast image that can tolerate cover-cropping.,,,
Core website,Collections,/collections/,collections.background.section-1,Collections / Collection overview photo background,background,background,No,optional_enhancement,P3 optional,1920×1200,8:5,WebP preferred,Keep important detail in the centre 65–70%; all edges may crop on mobile/desktop.,Section/page background; use a low-contrast image that can tolerate cover-cropping.,,,
Core website,Collections,/collections/,collections.background.section-2,Collections / Why this page exists background,background,background,No,optional_enhancement,P3 optional,1920×1200,8:5,WebP preferred,Keep important detail in the centre 65–70%; all edges may crop on mobile/desktop.,Section/page background; use a low-contrast image that can tolerate cover-cropping.,,,
Core website,Contact,/contact/,contact.hero.image,Contact / Hero image,image,banner,Yes,authored_default,Complete/default,1600×1000,8:5,WebP preferred (JPEG acceptable for photos),Keep the main subject in the centre 70%; avoid critical detail at the outer 15%.,"Hero/banner image; strong subject, enough negative space for responsive cropping.",/assets/images/site/about-real-workshop.webp,1600×1000,Devil n Dove maker and workshop story photograph
Core website,Contact,/contact/,contact.image.1,Contact / Devil n Dove maker and workshop story photograph,image,content,No,authored_default,Complete/default,1600×1000,8:5,WebP preferred (JPEG acceptable for photos),Keep the key subject in the centre 80%; avoid text baked into the image.,Content/section visual; landscape image designed to crop responsively.,/assets/images/site/about-real-workshop.webp,1600×1000,Devil n Dove maker and workshop story photograph
Core website,Contact,/contact/,contact.section.visual.1,Contact / Where to find us visual,image,content,No,recommended_replacement,P2 recommended,1600×1000,8:5,WebP preferred (JPEG acceptable for photos),Keep the key subject in the centre 80%; avoid text baked into the image.,Content/section visual; landscape image designed to crop responsively.,/assets/placeholders/media-content/contact-section-visual-1.svg,1200×720 SVG viewBox,Placeholder for Where to find us
Core website,Gift Cards,/gift-cards/,gift-cards.hero.image,Gift Cards / Hero image,image,banner,Yes,authored_default,Complete/default,1600×1000,8:5,WebP preferred (JPEG acceptable for photos),Keep the main subject in the centre 70%; avoid critical detail at the outer 15%.,"Hero/banner image; strong subject, enough negative space for responsive cropping.",/assets/images/site/gift-card-mockup.webp,1600×1000,Devil n Dove gift card artwork mockup
Core website,Gift Cards,/gift-cards/,gift-cards.image.2,Gift Cards / Devil n Dove gift-card artwork mockup,image,content,No,authored_default,Complete/default,1600×1000,8:5,WebP preferred (JPEG acceptable for photos),Keep the key subject in the centre 80%; avoid text baked into the image.,Content/section visual; landscape image designed to crop responsively.,/assets/images/site/gift-card-mockup.webp,1600×1000,Devil n Dove gift-card artwork mockup
Core website,Gift Cards,/gift-cards/,gift-cards.section.visual.1,Gift Cards / Good for flexible handmade gifting visual,image,content,No,recommended_replacement,P2 recommended,1600×1000,8:5,WebP preferred (JPEG acceptable for photos),Keep the key subject in the centre 80%; avoid text baked into the image.,Content/section visual; landscape image designed to crop responsively.,/assets/placeholders/media-content/gift-cards-section-visual-1.svg,1200×720 SVG viewBox,Placeholder for Good for flexible handmade gifting
Core website,Gift Cards,/gift-cards/,gift-cards.background.hero,Gift Cards / Hero background,background,background,No,optional_enhancement,P3 optional,1920×1200,8:5,WebP preferred,Keep important detail in the centre 65–70%; all edges may crop on mobile/desktop.,Section/page background; use a low-contrast image that can tolerate cover-cropping.,,,
Core website,Gift Cards,/gift-cards/,gift-cards.background.section-1,Gift Cards / Gift card packaging photo background,background,background,No,optional_enhancement,P3 optional,1920×1200,8:5,WebP preferred,Keep important detail in the centre 65–70%; all edges may crop on mobile/desktop.,Section/page background; use a low-contrast image that can tolerate cover-cropping.,,,
Core website,Gift Cards,/gift-cards/,gift-cards.background.section-2,Gift Cards / Good for flexible handmade gifting background,background,background,No,optional_enhancement,P3 optional,1920×1200,8:5,WebP preferred,Keep important detail in the centre 65–70%; all edges may crop on mobile/desktop.,Section/page background; use a low-contrast image that can tolerate cover-cropping.,,,
Core website,Events & Markets,/events/,events.hero.image,Events & Markets / Hero image,image,banner,Yes,authored_default,Complete/default,1600×1000,8:5,WebP preferred (JPEG acceptable for photos),Keep the main subject in the centre 70%; avoid critical detail at the outer 15%.,"Hero/banner image; strong subject, enough negative space for responsive cropping.",/assets/images/site/events-display-collage.webp,1600×1000,Representative Devil n Dove market and product display collage
Core website,Events & Markets,/events/,events.image.1,Events & Markets / Representative Devil n Dove market and product display collage,image,content,No,authored_default,Complete/default,1600×1000,8:5,WebP preferred (JPEG acceptable for photos),Keep the key subject in the centre 80%; avoid text baked into the image.,Content/section visual; landscape image designed to crop responsively.,/assets/images/site/events-display-collage.webp,1600×1000,Representative Devil n Dove market and product display collage
Core website,Events & Markets,/events/,events.section.visual.1,Events & Markets / Good follow-up pages visual,image,content,No,recommended_replacement,P2 recommended,1600×1000,8:5,WebP preferred (JPEG acceptable for photos),Keep the key subject in the centre 80%; avoid text baked into the image.,Content/section visual; landscape image designed to crop responsively.,/assets/placeholders/media-content/events-section-visual-1.svg,1200×720 SVG viewBox,Placeholder for Good follow-up pages
Core website,Events & Markets,/events/,events.background.hero,Events & Markets / Hero background,background,background,No,optional_enhancement,P3 optional,1920×1200,8:5,WebP preferred,Keep important detail in the centre 65–70%; all edges may crop on mobile/desktop.,Section/page background; use a low-contrast image that can tolerate cover-cropping.,,,
Core website,Events & Markets,/events/,events.background.section-1,Events & Markets / Events display photo background,background,background,No,optional_enhancement,P3 optional,1920×1200,8:5,WebP preferred,Keep important detail in the centre 65–70%; all edges may crop on mobile/desktop.,Section/page background; use a low-contrast image that can tolerate cover-cropping.,,,
Core website,Events & Markets,/events/,events.background.section-2,Events & Markets / Section background,background,background,No,optional_enhancement,P3 optional,1920×1200,8:5,WebP preferred,Keep important detail in the centre 65–70%; all edges may crop on mobile/desktop.,Section/page background; use a low-contrast image that can tolerate cover-cropping.,,,
Core website,Social Hub,/socials/,socials.hero.image,Social Hub / Hero image,image,banner,Yes,required_replacement,P1 required,1600×1000,8:5,WebP preferred (JPEG acceptable for photos),Keep the main subject in the centre 70%; avoid critical detail at the outer 15%.,"Hero/banner image; strong subject, enough negative space for responsive cropping.",/assets/placeholders/media-content/socials-section-visual-1.svg,1200×720 SVG viewBox,Placeholder for Follow Devil n Dove
Core website,Social Hub,/socials/,socials.image.1,Social Hub / Social content workbench photo,image,content,No,authored_default,Complete/default,1600×1000,8:5,WebP preferred (JPEG acceptable for photos),Keep the key subject in the centre 80%; avoid text baked into the image.,Content/section visual; landscape image designed to crop responsively.,/assets/images/site/social-content-workbench.webp,1600×1000,Social content workbench photo
Core website,Social Hub,/socials/,socials.section.visual.1,Social Hub / Follow Devil n Dove visual,image,content,No,recommended_replacement,P2 recommended,1600×1000,8:5,WebP preferred (JPEG acceptable for photos),Keep the key subject in the centre 80%; avoid text baked into the image.,Content/section visual; landscape image designed to crop responsively.,/assets/placeholders/media-content/socials-section-visual-1.svg,1200×720 SVG viewBox,Placeholder for Follow Devil n Dove
Core website,Social Hub,/socials/,socials.background.section-0,Social Hub / Follow Devil n Dove background,background,background,No,optional_enhancement,P3 optional,1920×1200,8:5,WebP preferred,Keep important detail in the centre 65–70%; all edges may crop on mobile/desktop.,Section/page background; use a low-contrast image that can tolerate cover-cropping.,,,
Core website,Social Hub,/socials/,socials.background.section-1,Social Hub / Social content workbench photo background,background,background,No,optional_enhancement,P3 optional,1920×1200,8:5,WebP preferred,Keep important detail in the centre 65–70%; all edges may crop on mobile/desktop.,Section/page background; use a low-contrast image that can tolerate cover-cropping.,,,
Core website,Social Hub,/socials/,socials.background.section-2,Social Hub / Latest YouTube shorts and videos background,background,background,No,optional_enhancement,P3 optional,1920×1200,8:5,WebP preferred,Keep important detail in the centre 65–70%; all edges may crop on mobile/desktop.,Section/page background; use a low-contrast image that can tolerate cover-cropping.,,,
Core website,Shop presentation,/shop/,shop.hero.image,Shop / Hero image,image,banner,Yes,authored_default,Complete/default,1600×1000,8:5,WebP preferred (JPEG acceptable for photos),Keep the main subject in the centre 70%; avoid critical detail at the outer 15%.,"Hero/banner image; strong subject, enough negative space for responsive cropping.",/assets/images/site/shop-item-specific-collage.webp,1600×1000,"Devil n Dove handmade, vintage, soap, candle, and jewelry collection"
Core website,Shop presentation,/shop/,shop.background.hero,Shop / Hero background,background,background,No,optional_enhancement,P3 optional,1920×1200,8:5,WebP preferred,Keep important detail in the centre 65–70%; all edges may crop on mobile/desktop.,Section/page background; use a low-contrast image that can tolerate cover-cropping.,,,
Core website,Shop presentation,/shop/,shop.background.clearer,Shop / Clearer-way section background,background,background,No,optional_enhancement,P3 optional,1920×1200,8:5,WebP preferred,Keep important detail in the centre 65–70%; all edges may crop on mobile/desktop.,Section/page background; use a low-contrast image that can tolerate cover-cropping.,,,
Core website,Shop presentation,/shop/,shop.background.available,Shop / Available Products background,background,background,No,optional_enhancement,P3 optional,1920×1200,8:5,WebP preferred,Keep important detail in the centre 65–70%; all edges may crop on mobile/desktop.,Section/page background; use a low-contrast image that can tolerate cover-cropping.,,,
Core website,Shop presentation,/shop/,shop.featured_collection.image,Shop / Featured collection image,image,content,No,authored_default,Complete/default,1600×1000,8:5,WebP preferred (JPEG acceptable for photos),Keep the key subject in the centre 80%; avoid text baked into the image.,Content/section visual; landscape image designed to crop responsively.,/assets/images/site/shop-item-specific-collage.webp,1600×1000,"Devil n Dove handmade, vintage, soap, candle, and jewelry collection"
Core website,Shop presentation,/shop/,shop.background.featured_collection,Shop / Featured collection background,background,background,No,optional_enhancement,P3 optional,1920×1200,8:5,WebP preferred,Keep important detail in the centre 65–70%; all edges may crop on mobile/desktop.,Section/page background; use a low-contrast image that can tolerate cover-cropping.,,,
Landing pages,Custom Candle Making,/custom-candle-making-ontario/,custom-candle-making-ontario.hero.image,Custom Candle Making / Hero image,image,banner,Yes,authored_default,Complete/default,1600×1000,8:5,WebP preferred (JPEG acceptable for photos),Keep the main subject in the centre 70%; avoid critical detail at the outer 15%.,"Hero/banner image; strong subject, enough negative space for responsive cropping.",/assets/images/site/candle-product-mockup.webp,1600×1000,Representative round candle-top and custom candle presentation
Landing pages,Custom Candle Making,/custom-candle-making-ontario/,custom-candle-making-ontario.image.2,Custom Candle Making / Representative round candle-top and custom candle presentation,image,content,No,authored_default,Complete/default,1600×1000,8:5,WebP preferred (JPEG acceptable for photos),Keep the key subject in the centre 80%; avoid text baked into the image.,Content/section visual; landscape image designed to crop responsively.,/assets/images/site/candle-product-mockup.webp,1600×1000,Representative round candle-top and custom candle presentation
Landing pages,Custom Candle Making,/custom-candle-making-ontario/,custom-candle-making-ontario.section.visual.1,Custom Candle Making / Helpful details for candle requests visual,image,content,No,recommended_replacement,P2 recommended,1600×1000,8:5,WebP preferred (JPEG acceptable for photos),Keep the key subject in the centre 80%; avoid text baked into the image.,Content/section visual; landscape image designed to crop responsively.,/assets/placeholders/media-content/custom-candle-making-ontario-section-visual-1.svg,1200×720 SVG viewBox,Placeholder for Helpful details for candle requests
Landing pages,Custom Candle Making,/custom-candle-making-ontario/,custom-candle-making-ontario.background.section-0,Custom Candle Making / Helpful details for candle requests background,background,background,No,optional_enhancement,P3 optional,1920×1200,8:5,WebP preferred,Keep important detail in the centre 65–70%; all edges may crop on mobile/desktop.,Section/page background; use a low-contrast image that can tolerate cover-cropping.,,,
Landing pages,Custom Candle Making,/custom-candle-making-ontario/,custom-candle-making-ontario.background.section-1,Custom Candle Making / Candle colour photo background,background,background,No,optional_enhancement,P3 optional,1920×1200,8:5,WebP preferred,Keep important detail in the centre 65–70%; all edges may crop on mobile/desktop.,Section/page background; use a low-contrast image that can tolerate cover-cropping.,,,
Landing pages,Custom Soap Making,/custom-soap-making-ontario/,custom-soap-making-ontario.hero.image,Custom Soap Making / Hero image,image,banner,Yes,authored_default,Complete/default,1600×1000,8:5,WebP preferred (JPEG acceptable for photos),Keep the main subject in the centre 70%; avoid critical detail at the outer 15%.,"Hero/banner image; strong subject, enough negative space for responsive cropping.",/assets/images/site/soap-product-mockup.webp,1600×1000,Glacial Purple custom soap label and packaging presentation
Landing pages,Custom Soap Making,/custom-soap-making-ontario/,custom-soap-making-ontario.image.2,Custom Soap Making / Glacial Purple custom soap label and packaging presentation,image,content,No,authored_default,Complete/default,1600×1000,8:5,WebP preferred (JPEG acceptable for photos),Keep the key subject in the centre 80%; avoid text baked into the image.,Content/section visual; landscape image designed to crop responsively.,/assets/images/site/soap-product-mockup.webp,1600×1000,Glacial Purple custom soap label and packaging presentation
Landing pages,Custom Soap Making,/custom-soap-making-ontario/,custom-soap-making-ontario.section.visual.1,Custom Soap Making / Helpful details for soap requests visual,image,content,No,recommended_replacement,P2 recommended,1600×1000,8:5,WebP preferred (JPEG acceptable for photos),Keep the key subject in the centre 80%; avoid text baked into the image.,Content/section visual; landscape image designed to crop responsively.,/assets/placeholders/media-content/custom-soap-making-ontario-section-visual-1.svg,1200×720 SVG viewBox,Placeholder for Helpful details for soap requests
Landing pages,Custom Soap Making,/custom-soap-making-ontario/,custom-soap-making-ontario.background.section-0,Custom Soap Making / Helpful details for soap requests background,background,background,No,optional_enhancement,P3 optional,1920×1200,8:5,WebP preferred,Keep important detail in the centre 65–70%; all edges may crop on mobile/desktop.,Section/page background; use a low-contrast image that can tolerate cover-cropping.,,,
Landing pages,Custom Soap Making,/custom-soap-making-ontario/,custom-soap-making-ontario.background.section-1,Custom Soap Making / Soap texture photo background,background,background,No,optional_enhancement,P3 optional,1920×1200,8:5,WebP preferred,Keep important detail in the centre 65–70%; all edges may crop on mobile/desktop.,Section/page background; use a low-contrast image that can tolerate cover-cropping.,,,
Landing pages,Custom Gifts,/custom-gifts-southern-ontario/,custom-gifts-southern-ontario.hero.image,Custom Gifts / Hero image,image,banner,Yes,authored_default,Complete/default,1600×1000,8:5,WebP preferred (JPEG acceptable for photos),Keep the main subject in the centre 70%; avoid critical detail at the outer 15%.,"Hero/banner image; strong subject, enough negative space for responsive cropping.",/assets/images/site/custom-gift-process-before-after.webp,1600×1000,Representative Devil n Dove custom gift process in the workshop
Landing pages,Custom Gifts,/custom-gifts-southern-ontario/,custom-gifts-southern-ontario.image.2,Custom Gifts / Custom gift process photo,image,content,No,authored_default,Complete/default,1600×1000,8:5,WebP preferred (JPEG acceptable for photos),Keep the key subject in the centre 80%; avoid text baked into the image.,Content/section visual; landscape image designed to crop responsively.,/assets/images/site/custom-gift-process-before-after.webp,1600×1000,Custom gift process photo
Landing pages,Custom Gifts,/custom-gifts-southern-ontario/,custom-gifts-southern-ontario.section.visual.1,Custom Gifts / Southern Ontario custom gifts search clarity visual,image,content,No,recommended_replacement,P2 recommended,1600×1000,8:5,WebP preferred (JPEG acceptable for photos),Keep the key subject in the centre 80%; avoid text baked into the image.,Content/section visual; landscape image designed to crop responsively.,/assets/placeholders/media-content/custom-gifts-southern-ontario-section-visual-1.svg,1200×720 SVG viewBox,Placeholder for Southern Ontario custom gifts search clarity
Landing pages,Custom Gifts,/custom-gifts-southern-ontario/,custom-gifts-southern-ontario.background.hero,Custom Gifts / Hero background,background,background,No,optional_enhancement,P3 optional,1920×1200,8:5,WebP preferred,Keep important detail in the centre 65–70%; all edges may crop on mobile/desktop.,Section/page background; use a low-contrast image that can tolerate cover-cropping.,,,
Landing pages,Custom Gifts,/custom-gifts-southern-ontario/,custom-gifts-southern-ontario.background.section-1,Custom Gifts / Southern Ontario custom gifts search clarity background,background,background,No,optional_enhancement,P3 optional,1920×1200,8:5,WebP preferred,Keep important detail in the centre 65–70%; all edges may crop on mobile/desktop.,Section/page background; use a low-contrast image that can tolerate cover-cropping.,,,
Landing pages,Custom Gifts,/custom-gifts-southern-ontario/,custom-gifts-southern-ontario.background.section-2,Custom Gifts / Related Devil n Dove searches background,background,background,No,optional_enhancement,P3 optional,1920×1200,8:5,WebP preferred,Keep important detail in the centre 65–70%; all edges may crop on mobile/desktop.,Section/page background; use a low-contrast image that can tolerate cover-cropping.,,,
Landing pages,Handmade Jewelry,/handmade-jewelry-ontario/,handmade-jewelry-ontario.hero.image,Handmade Jewelry / Hero image,image,banner,Yes,authored_default,Complete/default,1600×1000,8:5,WebP preferred (JPEG acceptable for photos),Keep the main subject in the centre 70%; avoid critical detail at the outer 15%.,"Hero/banner image; strong subject, enough negative space for responsive cropping.",/assets/images/site/handmade-jewelry-product-mockup.webp,1600×1000,Close representative view of Devil n Dove handmade jewelry
Landing pages,Handmade Jewelry,/handmade-jewelry-ontario/,handmade-jewelry-ontario.image.2,Handmade Jewelry / Close representative view of Devil n Dove handmade jewelry,image,content,No,authored_default,Complete/default,1600×1000,8:5,WebP preferred (JPEG acceptable for photos),Keep the key subject in the centre 80%; avoid text baked into the image.,Content/section visual; landscape image designed to crop responsively.,/assets/images/site/handmade-jewelry-product-mockup.webp,1600×1000,Close representative view of Devil n Dove handmade jewelry
Landing pages,Handmade Jewelry,/handmade-jewelry-ontario/,handmade-jewelry-ontario.section.visual.1,Handmade Jewelry / handmade jewelry Ontario search clarity visual,image,content,No,recommended_replacement,P2 recommended,1600×1000,8:5,WebP preferred (JPEG acceptable for photos),Keep the key subject in the centre 80%; avoid text baked into the image.,Content/section visual; landscape image designed to crop responsively.,/assets/placeholders/media-content/handmade-jewelry-ontario-section-visual-1.svg,1200×720 SVG viewBox,Placeholder for handmade jewelry Ontario search clarity
Landing pages,Handmade Jewelry,/handmade-jewelry-ontario/,handmade-jewelry-ontario.background.hero,Handmade Jewelry / Hero background,background,background,No,optional_enhancement,P3 optional,1920×1200,8:5,WebP preferred,Keep important detail in the centre 65–70%; all edges may crop on mobile/desktop.,Section/page background; use a low-contrast image that can tolerate cover-cropping.,,,
Landing pages,Handmade Jewelry,/handmade-jewelry-ontario/,handmade-jewelry-ontario.background.section-1,Handmade Jewelry / handmade jewelry Ontario search clarity background,background,background,No,optional_enhancement,P3 optional,1920×1200,8:5,WebP preferred,Keep important detail in the centre 65–70%; all edges may crop on mobile/desktop.,Section/page background; use a low-contrast image that can tolerate cover-cropping.,,,
Landing pages,Handmade Jewelry,/handmade-jewelry-ontario/,handmade-jewelry-ontario.background.section-2,Handmade Jewelry / Related Devil n Dove searches background,background,background,No,optional_enhancement,P3 optional,1920×1200,8:5,WebP preferred,Keep important detail in the centre 65–70%; all edges may crop on mobile/desktop.,Section/page background; use a low-contrast image that can tolerate cover-cropping.,,,
Landing pages,Laser Engraving,/laser-engraving-ontario/,laser-engraving-ontario.hero.image,Laser Engraving / Hero image,image,banner,Yes,authored_default,Complete/default,1600×1000,8:5,WebP preferred (JPEG acceptable for photos),Keep the main subject in the centre 70%; avoid critical detail at the outer 15%.,"Hero/banner image; strong subject, enough negative space for responsive cropping.",/assets/images/site/laser-project-mockup.webp,1600×1000,Representative Devil n Dove laser engraving and finishing process
Landing pages,Laser Engraving,/laser-engraving-ontario/,laser-engraving-ontario.image.2,Laser Engraving / Representative Devil n Dove laser engraving and finishing process,image,content,No,authored_default,Complete/default,1600×1000,8:5,WebP preferred (JPEG acceptable for photos),Keep the key subject in the centre 80%; avoid text baked into the image.,Content/section visual; landscape image designed to crop responsively.,/assets/images/site/laser-project-mockup.webp,1600×1000,Representative Devil n Dove laser engraving and finishing process
Landing pages,Laser Engraving,/laser-engraving-ontario/,laser-engraving-ontario.section.visual.1,Laser Engraving / laser engraved gifts Ontario search clarity visual,image,content,No,recommended_replacement,P2 recommended,1600×1000,8:5,WebP preferred (JPEG acceptable for photos),Keep the key subject in the centre 80%; avoid text baked into the image.,Content/section visual; landscape image designed to crop responsively.,/assets/placeholders/media-content/laser-engraving-ontario-section-visual-1.svg,1200×720 SVG viewBox,Placeholder for laser engraved gifts Ontario search clarity
Landing pages,Laser Engraving,/laser-engraving-ontario/,laser-engraving-ontario.background.hero,Laser Engraving / Hero background,background,background,No,optional_enhancement,P3 optional,1920×1200,8:5,WebP preferred,Keep important detail in the centre 65–70%; all edges may crop on mobile/desktop.,Section/page background; use a low-contrast image that can tolerate cover-cropping.,,,
Landing pages,Laser Engraving,/laser-engraving-ontario/,laser-engraving-ontario.background.section-1,Laser Engraving / laser engraved gifts Ontario search clarity background,background,background,No,optional_enhancement,P3 optional,1920×1200,8:5,WebP preferred,Keep important detail in the centre 65–70%; all edges may crop on mobile/desktop.,Section/page background; use a low-contrast image that can tolerate cover-cropping.,,,
Landing pages,Laser Engraving,/laser-engraving-ontario/,laser-engraving-ontario.background.section-2,Laser Engraving / Related Devil n Dove searches background,background,background,No,optional_enhancement,P3 optional,1920×1200,8:5,WebP preferred,Keep important detail in the centre 65–70%; all edges may crop on mobile/desktop.,Section/page background; use a low-contrast image that can tolerate cover-cropping.,,,
Landing pages,Polymer Clay Earrings,/polymer-clay-earrings-ontario/,polymer-clay-earrings-ontario.hero.image,Polymer Clay Earrings / Hero image,image,banner,Yes,authored_default,Complete/default,1600×1000,8:5,WebP preferred (JPEG acceptable for photos),Keep the main subject in the centre 70%; avoid critical detail at the outer 15%.,"Hero/banner image; strong subject, enough negative space for responsive cropping.",/assets/images/site/polymer-clay-product-mockup.webp,1600×1000,Representative polymer clay jewelry and earring detail
Landing pages,Polymer Clay Earrings,/polymer-clay-earrings-ontario/,polymer-clay-earrings-ontario.image.2,Polymer Clay Earrings / Representative polymer clay jewelry and earring detail,image,content,No,authored_default,Complete/default,1600×1000,8:5,WebP preferred (JPEG acceptable for photos),Keep the key subject in the centre 80%; avoid text baked into the image.,Content/section visual; landscape image designed to crop responsively.,/assets/images/site/polymer-clay-product-mockup.webp,1600×1000,Representative polymer clay jewelry and earring detail
Landing pages,Polymer Clay Earrings,/polymer-clay-earrings-ontario/,polymer-clay-earrings-ontario.section.visual.1,Polymer Clay Earrings / polymer clay earrings Ontario search clarity visual,image,content,No,recommended_replacement,P2 recommended,1600×1000,8:5,WebP preferred (JPEG acceptable for photos),Keep the key subject in the centre 80%; avoid text baked into the image.,Content/section visual; landscape image designed to crop responsively.,/assets/placeholders/media-content/polymer-clay-earrings-ontario-section-visual-1.svg,1200×720 SVG viewBox,Placeholder for polymer clay earrings Ontario search clarity
Landing pages,Polymer Clay Earrings,/polymer-clay-earrings-ontario/,polymer-clay-earrings-ontario.background.hero,Polymer Clay Earrings / Hero background,background,background,No,optional_enhancement,P3 optional,1920×1200,8:5,WebP preferred,Keep important detail in the centre 65–70%; all edges may crop on mobile/desktop.,Section/page background; use a low-contrast image that can tolerate cover-cropping.,,,
Landing pages,Polymer Clay Earrings,/polymer-clay-earrings-ontario/,polymer-clay-earrings-ontario.background.section-1,Polymer Clay Earrings / Polymer clay earring macro photo background,background,background,No,optional_enhancement,P3 optional,1920×1200,8:5,WebP preferred,Keep important detail in the centre 65–70%; all edges may crop on mobile/desktop.,Section/page background; use a low-contrast image that can tolerate cover-cropping.,,,
Landing pages,Polymer Clay Earrings,/polymer-clay-earrings-ontario/,polymer-clay-earrings-ontario.background.section-2,Polymer Clay Earrings / polymer clay earrings Ontario search clarity background,background,background,No,optional_enhancement,P3 optional,1920×1200,8:5,WebP preferred,Keep important detail in the centre 65–70%; all edges may crop on mobile/desktop.,Section/page background; use a low-contrast image that can tolerate cover-cropping.,,,
Landing pages,Vintage Finds,/vintage-finds-ontario/,vintage-finds-ontario.hero.image,Vintage Finds / Hero image,image,banner,Yes,authored_default,Complete/default,1600×1000,8:5,WebP preferred (JPEG acceptable for photos),Keep the main subject in the centre 70%; avoid critical detail at the outer 15%.,"Hero/banner image; strong subject, enough negative space for responsive cropping.",/assets/images/site/vintage-tools-mockup.webp,1600×1000,"Representative vintage tools, materials, and condition details"
Landing pages,Vintage Finds,/vintage-finds-ontario/,vintage-finds-ontario.image.2,"Vintage Finds / Representative vintage tools, materials, and condition details",image,content,No,authored_default,Complete/default,1600×1000,8:5,WebP preferred (JPEG acceptable for photos),Keep the key subject in the centre 80%; avoid text baked into the image.,Content/section visual; landscape image designed to crop responsively.,/assets/images/site/vintage-tools-mockup.webp,1600×1000,"Representative vintage tools, materials, and condition details"
Landing pages,Vintage Finds,/vintage-finds-ontario/,vintage-finds-ontario.section.visual.1,Vintage Finds / vintage finds Ontario search clarity visual,image,content,No,recommended_replacement,P2 recommended,1600×1000,8:5,WebP preferred (JPEG acceptable for photos),Keep the key subject in the centre 80%; avoid text baked into the image.,Content/section visual; landscape image designed to crop responsively.,/assets/placeholders/media-content/vintage-finds-ontario-section-visual-1.svg,1200×720 SVG viewBox,Placeholder for vintage finds Ontario search clarity
Landing pages,Vintage Finds,/vintage-finds-ontario/,vintage-finds-ontario.background.hero,Vintage Finds / Hero background,background,background,No,optional_enhancement,P3 optional,1920×1200,8:5,WebP preferred,Keep important detail in the centre 65–70%; all edges may crop on mobile/desktop.,Section/page background; use a low-contrast image that can tolerate cover-cropping.,,,
Landing pages,Vintage Finds,/vintage-finds-ontario/,vintage-finds-ontario.background.section-1,Vintage Finds / vintage finds Ontario search clarity background,background,background,No,optional_enhancement,P3 optional,1920×1200,8:5,WebP preferred,Keep important detail in the centre 65–70%; all edges may crop on mobile/desktop.,Section/page background; use a low-contrast image that can tolerate cover-cropping.,,,
Landing pages,Vintage Finds,/vintage-finds-ontario/,vintage-finds-ontario.background.section-2,Vintage Finds / Related Devil n Dove searches background,background,background,No,optional_enhancement,P3 optional,1920×1200,8:5,WebP preferred,Keep important detail in the centre 65–70%; all edges may crop on mobile/desktop.,Section/page background; use a low-contrast image that can tolerate cover-cropping.,,,
Landing pages,Workshop-Made Gifts,/workshop-made-gifts-ontario/,workshop-made-gifts-ontario.hero.image,Workshop-Made Gifts / Hero image,image,banner,Yes,authored_default,Complete/default,1600×1000,8:5,WebP preferred (JPEG acceptable for photos),Keep the main subject in the centre 70%; avoid critical detail at the outer 15%.,"Hero/banner image; strong subject, enough negative space for responsive cropping.",/assets/visual-placeholders/product-process.svg,1600×1000 SVG viewBox,Workshop gift process placeholder
Landing pages,Workshop-Made Gifts,/workshop-made-gifts-ontario/,workshop-made-gifts-ontario.image.1,Workshop-Made Gifts / Workshop gift process placeholder,image,content,No,authored_default,Complete/default,1600×1000,8:5,WebP preferred (JPEG acceptable for photos),Keep the key subject in the centre 80%; avoid text baked into the image.,Content/section visual; landscape image designed to crop responsively.,/assets/visual-placeholders/product-process.svg,1600×1000 SVG viewBox,Workshop gift process placeholder
Landing pages,Workshop-Made Gifts,/workshop-made-gifts-ontario/,workshop-made-gifts-ontario.section.visual.1,Workshop-Made Gifts / workshop-made gifts Southern Ontario search clarity visual,image,content,No,recommended_replacement,P2 recommended,1600×1000,8:5,WebP preferred (JPEG acceptable for photos),Keep the key subject in the centre 80%; avoid text baked into the image.,Content/section visual; landscape image designed to crop responsively.,/assets/placeholders/media-content/workshop-made-gifts-ontario-section-visual-1.svg,1200×720 SVG viewBox,Placeholder for workshop-made gifts Southern Ontario search clarity
Landing pages,Workshop-Made Gifts,/workshop-made-gifts-ontario/,workshop-made-gifts-ontario.background.hero,Workshop-Made Gifts / Hero background,background,background,No,optional_enhancement,P3 optional,1920×1200,8:5,WebP preferred,Keep important detail in the centre 65–70%; all edges may crop on mobile/desktop.,Section/page background; use a low-contrast image that can tolerate cover-cropping.,,,
Landing pages,Workshop-Made Gifts,/workshop-made-gifts-ontario/,workshop-made-gifts-ontario.background.section-1,Workshop-Made Gifts / Workshop gift process placeholder background,background,background,No,optional_enhancement,P3 optional,1920×1200,8:5,WebP preferred,Keep important detail in the centre 65–70%; all edges may crop on mobile/desktop.,Section/page background; use a low-contrast image that can tolerate cover-cropping.,,,
Landing pages,Workshop-Made Gifts,/workshop-made-gifts-ontario/,workshop-made-gifts-ontario.background.section-2,Workshop-Made Gifts / workshop-made gifts Southern Ontario search clarity background,background,background,No,optional_enhancement,P3 optional,1920×1200,8:5,WebP preferred,Keep important detail in the centre 65–70%; all edges may crop on mobile/desktop.,Section/page background; use a low-contrast image that can tolerate cover-cropping.,,,
Stories & guides,Workshop Journal Story,/workshop-journal/story/,workshop-journal-story.hero.image,Workshop Journal Story / Hero image,image,banner,Yes,required_replacement,P1 required,1600×1000,8:5,WebP preferred (JPEG acceptable for photos),Keep the main subject in the centre 70%; avoid critical detail at the outer 15%.,"Hero/banner image; strong subject, enough negative space for responsive cropping.",/assets/placeholders/media-content/workshop-journal-story-hero-image.svg,1200×720 SVG viewBox,Workshop Journal Story visual
Stories & guides,Workshop Journal Story,/workshop-journal/story/,workshop-journal-story.background.hero,Workshop Journal Story / Hero background,background,background,No,optional_enhancement,P3 optional,1920×1200,8:5,WebP preferred,Keep important detail in the centre 65–70%; all edges may crop on mobile/desktop.,Section/page background; use a low-contrast image that can tolerate cover-cropping.,,,
Stories & guides,Coin & Spoon Ring Care,/workshop-journal/coin-and-spoon-ring-care/,workshop-journal-coin-and-spoon-ring-care.hero.image,Coin & Spoon Ring Care / Hero image,image,banner,Yes,required_replacement,P1 required,1600×1000,8:5,WebP preferred (JPEG acceptable for photos),Keep the main subject in the centre 70%; avoid critical detail at the outer 15%.,"Hero/banner image; strong subject, enough negative space for responsive cropping.",/assets/placeholders/media-content/workshop-journal-coin-and-spoon-ring-care-hero-image.svg,1200×720 SVG viewBox,Coin & Spoon Ring Care visual
Stories & guides,Coin & Spoon Ring Care,/workshop-journal/coin-and-spoon-ring-care/,workshop-journal-coin-and-spoon-ring-care.section.visual.1,Coin & Spoon Ring Care / Before wearing visual,image,content,No,recommended_replacement,P2 recommended,1600×1000,8:5,WebP preferred (JPEG acceptable for photos),Keep the key subject in the centre 80%; avoid text baked into the image.,Content/section visual; landscape image designed to crop responsively.,/assets/placeholders/media-content/workshop-journal-coin-and-spoon-ring-care-section-visual-1.svg,1200×720 SVG viewBox,Placeholder for Before wearing
Stories & guides,Coin & Spoon Ring Care,/workshop-journal/coin-and-spoon-ring-care/,workshop-journal-coin-and-spoon-ring-care.background.hero,Coin & Spoon Ring Care / Hero background,background,background,No,optional_enhancement,P3 optional,1920×1200,8:5,WebP preferred,Keep important detail in the centre 65–70%; all edges may crop on mobile/desktop.,Section/page background; use a low-contrast image that can tolerate cover-cropping.,,,
Stories & guides,Coin & Spoon Ring Care,/workshop-journal/coin-and-spoon-ring-care/,workshop-journal-coin-and-spoon-ring-care.background.section-1,Coin & Spoon Ring Care / Before wearing background,background,background,No,optional_enhancement,P3 optional,1920×1200,8:5,WebP preferred,Keep important detail in the centre 65–70%; all edges may crop on mobile/desktop.,Section/page background; use a low-contrast image that can tolerate cover-cropping.,,,
Stories & guides,Coin & Spoon Ring Care,/workshop-journal/coin-and-spoon-ring-care/,workshop-journal-coin-and-spoon-ring-care.background.section-2,Coin & Spoon Ring Care / Fit and adjustment background,background,background,No,optional_enhancement,P3 optional,1920×1200,8:5,WebP preferred,Keep important detail in the centre 65–70%; all edges may crop on mobile/desktop.,Section/page background; use a low-contrast image that can tolerate cover-cropping.,,,
Stories & guides,Polymer Clay Earring Care,/workshop-journal/polymer-clay-earring-care/,workshop-journal-polymer-clay-earring-care.hero.image,Polymer Clay Earring Care / Hero image,image,banner,Yes,required_replacement,P1 required,1600×1000,8:5,WebP preferred (JPEG acceptable for photos),Keep the main subject in the centre 70%; avoid critical detail at the outer 15%.,"Hero/banner image; strong subject, enough negative space for responsive cropping.",/assets/placeholders/media-content/workshop-journal-polymer-clay-earring-care-hero-image.svg,1200×720 SVG viewBox,Polymer Clay Earring Care visual
Stories & guides,Polymer Clay Earring Care,/workshop-journal/polymer-clay-earring-care/,workshop-journal-polymer-clay-earring-care.section.visual.1,Polymer Clay Earring Care / Wear and storage visual,image,content,No,recommended_replacement,P2 recommended,1600×1000,8:5,WebP preferred (JPEG acceptable for photos),Keep the key subject in the centre 80%; avoid text baked into the image.,Content/section visual; landscape image designed to crop responsively.,/assets/placeholders/media-content/workshop-journal-polymer-clay-earring-care-section-visual-1.svg,1200×720 SVG viewBox,Placeholder for Wear and storage
Stories & guides,Polymer Clay Earring Care,/workshop-journal/polymer-clay-earring-care/,workshop-journal-polymer-clay-earring-care.background.hero,Polymer Clay Earring Care / Hero background,background,background,No,optional_enhancement,P3 optional,1920×1200,8:5,WebP preferred,Keep important detail in the centre 65–70%; all edges may crop on mobile/desktop.,Section/page background; use a low-contrast image that can tolerate cover-cropping.,,,
Stories & guides,Polymer Clay Earring Care,/workshop-journal/polymer-clay-earring-care/,workshop-journal-polymer-clay-earring-care.background.section-1,Polymer Clay Earring Care / Wear and storage background,background,background,No,optional_enhancement,P3 optional,1920×1200,8:5,WebP preferred,Keep important detail in the centre 65–70%; all edges may crop on mobile/desktop.,Section/page background; use a low-contrast image that can tolerate cover-cropping.,,,
Stories & guides,Polymer Clay Earring Care,/workshop-journal/polymer-clay-earring-care/,workshop-journal-polymer-clay-earring-care.background.section-2,Polymer Clay Earring Care / Cleaning background,background,background,No,optional_enhancement,P3 optional,1920×1200,8:5,WebP preferred,Keep important detail in the centre 65–70%; all edges may crop on mobile/desktop.,Section/page background; use a low-contrast image that can tolerate cover-cropping.,,,
Stories & guides,Handmade / Vintage / Sourced Guide,/workshop-journal/handmade-vintage-sourced-guide/,workshop-journal-handmade-vintage-sourced-guide.hero.image,Handmade / Vintage / Sourced Guide / Hero image,image,banner,Yes,required_replacement,P1 required,1600×1000,8:5,WebP preferred (JPEG acceptable for photos),Keep the main subject in the centre 70%; avoid critical detail at the outer 15%.,"Hero/banner image; strong subject, enough negative space for responsive cropping.",/assets/placeholders/media-content/workshop-journal-handmade-vintage-sourced-guide-hero-image.svg,1200×720 SVG viewBox,Handmade / Vintage / Sourced Guide visual
Stories & guides,Handmade / Vintage / Sourced Guide,/workshop-journal/handmade-vintage-sourced-guide/,workshop-journal-handmade-vintage-sourced-guide.section.visual.1,Handmade / Vintage / Sourced Guide / Handmade visual,image,content,No,recommended_replacement,P2 recommended,1600×1000,8:5,WebP preferred (JPEG acceptable for photos),Keep the key subject in the centre 80%; avoid text baked into the image.,Content/section visual; landscape image designed to crop responsively.,/assets/placeholders/media-content/workshop-journal-handmade-vintage-sourced-guide-section-visual-1.svg,1200×720 SVG viewBox,Placeholder for Handmade
Stories & guides,Handmade / Vintage / Sourced Guide,/workshop-journal/handmade-vintage-sourced-guide/,workshop-journal-handmade-vintage-sourced-guide.background.hero,Handmade / Vintage / Sourced Guide / Hero background,background,background,No,optional_enhancement,P3 optional,1920×1200,8:5,WebP preferred,Keep important detail in the centre 65–70%; all edges may crop on mobile/desktop.,Section/page background; use a low-contrast image that can tolerate cover-cropping.,,,
Stories & guides,Handmade / Vintage / Sourced Guide,/workshop-journal/handmade-vintage-sourced-guide/,workshop-journal-handmade-vintage-sourced-guide.background.section-1,Handmade / Vintage / Sourced Guide / Handmade background,background,background,No,optional_enhancement,P3 optional,1920×1200,8:5,WebP preferred,Keep important detail in the centre 65–70%; all edges may crop on mobile/desktop.,Section/page background; use a low-contrast image that can tolerate cover-cropping.,,,
Stories & guides,Handmade / Vintage / Sourced Guide,/workshop-journal/handmade-vintage-sourced-guide/,workshop-journal-handmade-vintage-sourced-guide.background.section-2,"Handmade / Vintage / Sourced Guide / Vintage, antique, collectible, and sourced background",background,background,No,optional_enhancement,P3 optional,1920×1200,8:5,WebP preferred,Keep important detail in the centre 65–70%; all edges may crop on mobile/desktop.,Section/page background; use a low-contrast image that can tolerate cover-cropping.,,,
Stories & guides,Marketplace Guide,/marketplaces/,marketplaces.hero.image,Marketplace Guide / Hero image,image,banner,Yes,required_replacement,P1 required,1600×1000,8:5,WebP preferred (JPEG acceptable for photos),Keep the main subject in the centre 70%; avoid critical detail at the outer 15%.,"Hero/banner image; strong subject, enough negative space for responsive cropping.",/assets/placeholders/media-content/marketplaces-hero-image.svg,1200×720 SVG viewBox,Marketplace Guide visual
Stories & guides,Marketplace Guide,/marketplaces/,marketplaces.section.visual.1,Marketplace Guide / How to read our listings visual,image,content,No,recommended_replacement,P2 recommended,1600×1000,8:5,WebP preferred (JPEG acceptable for photos),Keep the key subject in the centre 80%; avoid text baked into the image.,Content/section visual; landscape image designed to crop responsively.,/assets/placeholders/media-content/marketplaces-section-visual-1.svg,1200×720 SVG viewBox,Placeholder for How to read our listings
Stories & guides,Marketplace Guide,/marketplaces/,marketplaces.background.hero,Marketplace Guide / Hero background,background,background,No,optional_enhancement,P3 optional,1920×1200,8:5,WebP preferred,Keep important detail in the centre 65–70%; all edges may crop on mobile/desktop.,Section/page background; use a low-contrast image that can tolerate cover-cropping.,,,
Stories & guides,Marketplace Guide,/marketplaces/,marketplaces.background.section-1,Marketplace Guide / How to read our listings background,background,background,No,optional_enhancement,P3 optional,1920×1200,8:5,WebP preferred,Keep important detail in the centre 65–70%; all edges may crop on mobile/desktop.,Section/page background; use a low-contrast image that can tolerate cover-cropping.,,,
Stories & guides,Local Pickup,/pickup/,pickup.hero.image,Local Pickup / Hero image,image,banner,Yes,authored_default,Complete/default,1600×1000,8:5,WebP preferred (JPEG acceptable for photos),Keep the main subject in the centre 70%; avoid critical detail at the outer 15%.,"Hero/banner image; strong subject, enough negative space for responsive cropping.",/assets/images/site/pickup-package-mockup.webp,1600×1000,Representative Devil n Dove order prepared for local pickup
Stories & guides,Local Pickup,/pickup/,pickup.image.2,Local Pickup / Representative Devil n Dove order prepared for local pickup,image,content,No,authored_default,Complete/default,1600×1000,8:5,WebP preferred (JPEG acceptable for photos),Keep the key subject in the centre 80%; avoid text baked into the image.,Content/section visual; landscape image designed to crop responsively.,/assets/images/site/pickup-package-mockup.webp,1600×1000,Representative Devil n Dove order prepared for local pickup
Stories & guides,Local Pickup,/pickup/,pickup.background.hero,Local Pickup / Hero background,background,background,No,optional_enhancement,P3 optional,1920×1200,8:5,WebP preferred,Keep important detail in the centre 65–70%; all edges may crop on mobile/desktop.,Section/page background; use a low-contrast image that can tolerate cover-cropping.,,,
Stories & guides,Local Pickup,/pickup/,pickup.background.section-1,Local Pickup / Pickup-ready order photo background,background,background,No,optional_enhancement,P3 optional,1920×1200,8:5,WebP preferred,Keep important detail in the centre 65–70%; all edges may crop on mobile/desktop.,Section/page background; use a low-contrast image that can tolerate cover-cropping.,,,
Stories & guides,Local Pickup,/pickup/,pickup.background.section-2,Local Pickup / Section background,background,background,No,optional_enhancement,P3 optional,1920×1200,8:5,WebP preferred,Keep important detail in the centre 65–70%; all edges may crop on mobile/desktop.,Section/page background; use a low-contrast image that can tolerate cover-cropping.,,,
Stories & guides,Movie Shelf,/movies/,movies.hero.image,Movie Shelf / Hero image,image,banner,Yes,authored_default,Complete/default,1600×1000,8:5,WebP preferred (JPEG acceptable for photos),Keep the main subject in the centre 70%; avoid critical detail at the outer 15%.,"Hero/banner image; strong subject, enough negative space for responsive cropping.",/assets/banner-spicing-it-up.webp,1600×914,Devil n Dove banner artwork
Stories & guides,Movie Shelf,/movies/,movies.image.1,Movie Shelf / Devil n Dove banner artwork,image,content,No,authored_default,Complete/default,1600×1000,8:5,WebP preferred (JPEG acceptable for photos),Keep the key subject in the centre 80%; avoid text baked into the image.,Content/section visual; landscape image designed to crop responsively.,/assets/banner-spicing-it-up.webp,1600×914,Devil n Dove banner artwork
